<?xml version="1.0" encoding="UTF-8" ?>
<scenario name="Basic UAC scenario">
 <send>
  <![CDATA[  
  INVITE sip:[service]@[remote_ip]:[remote_port] SIP/2.0
  Via: SIP/2.0/[transport] [local_ip]:[local_port]
  From: sipp <sip:sipp@[local_ip]:[local_port]>;tag=[call_number]
  To: sut <sip:[service]@[remote_ip]:[remote_port]>
  Call-ID: [call_id]
  Cseq: 1 INVITE
  Contact: sip:sipp@[local_ip]:[local_port]
  Content-Type: application/sdp, application/pidf+xml, application/EmergencyCallData.Control+xml
  CSeq: 31862 INVITE
  Recv-Info: EmergencyCallData.eCall.MSD
  Allow: INVITE, ACK, PRACK, INFO, OPTIONS, CANCEL, REFER, BYE, SUBSCRIBE, NOTIFY, UPDATE
  Content-Type: multipart/mixed; boundary=boundary1
  P-Preferred-Service: urn:urn-7:3gpp-service.ims.icsi.mmtel
  a: *;+g.3gpp.icsi-ref="urn%3Aurn-7%3A3gpp-service.ims.icsi.mmtel"
  P-Early-Media: supported
  l: 1431
  x: 300
  Content-Length: [len]
  
  --boundary1
      Content-Type: application/sdp
  		v=0
  		o=user1 53655765 2353687637 IN IP[local_ip_type] [local_ip]
  		s=-
  		t=0 0
  		c=IN IP[media_ip_type] [media_ip]
  		m=audio [media_port] RTP/AVP 0
 		a=rtpmap:0 PCMU/8000


   --boundary1
      Content-Type: application/EmergencyCallData.eCall.MSD
      Content-ID: <123456789@vzims.com>
      Content-Disposition: by-reference;handling=optional
      [file name=EmergencyCallData.eCall.MSD]
   --boundary1--


  
  ]]>
 </send>

 <recv response="100" optional="true">
 </recv>
 
 <recv response="180" optional="true">
 </recv>
 
 <recv response="200">
 </recv>

 <send>
  <![CDATA[
  ACK sip:[service]@[remote_ip]:[remote_port] SIP/2.0
  Via: SIP/2.0/[transport] [local_ip]:[local_port]
  From: sipp <sip:sipp@[local_ip]:[local_port]>;tag=[call_number]
  To: sut <sip:[service]@[remote_ip]:[remote_port]>[peer_tag_param]
  Call-ID: [call_id]
  Cseq: 1 ACK
  Contact: sip:sipp@[local_ip]:[local_port]
  Content-Length: 0
  ]]>
 </send>

 <pause milliseconds="5000"/>

 <send retrans="500">
  <![CDATA[
  BYE sip:[service]@[remote_ip]:[remote_port] SIP/2.0
  Via: SIP/2.0/[transport] [local_ip]:[local_port]
  From: sipp  <sip:sipp@[local_ip]:[local_port]>;tag=[call_number]
  To: sut  <sip:[service]@[remote_ip]:[remote_port]>[peer_tag_param]
  Call-ID: [call_id]
  Cseq: 2 BYE
  Contact: sip:sipp@[local_ip]:[local_port]
  Content-Length: 0
  ]]>
 </send>

 <recv response="200">
 </recv>

</scenario>
